85,0x,zrx,https://assets.coingecko.com/coins/images/863/large/0x.png?1547034672,0.91
86,aave,aave,https://assets.coingecko.com/coins/images/12645/large/AAVE.png?1601374110,301.26
87,algorand,algo,https://assets.coingecko.com/coins/images/4380/large/download.png?1547039725,0.85
88,amp-token,amp,https://assets.coingecko.com/coins/images/12409/large/amp-200x200.png?1599625397,0.03
89,avalanche-2,AVAX,https://assets.coingecko.com/coins/images/12559/large/coin-round-red.png?1604021818,16.35
90,bancor,bnt,https://assets.coingecko.com/coins/images/736/large/bancor.png?1547034477,4.11
91,basic-attention-token,bat,https://assets.coingecko.com/coins/images/677/large/basic-attention-token.png?1547034427,0.69
92,binance-usd,busd,https://assets.coingecko.com/coins/images/9576/large/BUSD.png?1568947766,1.00
93,binancecoin,bnb,https://assets.coingecko.com/coins/images/825/large/binance-coin-logo.png?1547034615,305.79
94,bitcoin,btc,https://assets.coingecko.com/coins/images/1/large/bitcoin.png?1547033579,34899.00
95,bitcoin-cash,bch,https://assets.coingecko.com/coins/images/780/large/bitcoin-cash-circle.png?1594689492,658.33
96,bitcoin-cash-sv,bsv,https://assets.coingecko.com/coins/images/6799/large/BSV.png?1558947902,165.54
97,bitcoin-gold,btg,https://assets.coingecko.com/coins/images/1043/large/bitcoin-gold-logo.png?1547034978,56.75
98,bittorrent-2,btt,https://assets.coingecko.com/coins/images/7595/large/BTT_Token_Graphic.png?1555066995,0.00
99,blockstack,stx,https://assets.coingecko.com/coins/images/2069/large/Stacks_logo_full.png?1604112510,0.98
100,cardano,ada,https://assets.coingecko.com/coins/images/975/large/cardano.png?1547034860,1.43
101,cdai,cdai,https://assets.coingecko.com/coins/images/9281/large/cDAI.png?1576467585,0.02
102,celsius-degree-token,cel,https://assets.coingecko.com/coins/images/3263/large/CEL_logo.png?1609598753,7.00
103,chainlink,link,https://assets.coingecko.com/coins/images/877/large/chainlink-new-logo.png?1547034700,25.78
104,chiliz,chz,https://assets.coingecko.com/coins/images/8834/large/Chiliz.png?1561970540,0.27
105,compound-ether,ceth,https://assets.coingecko.com/coins/images/10643/large/ceth2.JPG?1581389598,46.05
106,compound-governance-token,comp,https://assets.coingecko.com/coins/images/10775/large/COMP.png?1592625425,357.58
107,compound-usd-coin,cusdc,https://assets.coingecko.com/coins/images/9442/large/Compound_USDC.png?1567581577,0.02
108,cosmos,atom,https://assets.coingecko.com/coins/images/1481/large/cosmos_hub.png?1555657960,12.34
109,crypto-com-chain,cro,https://assets.coingecko.com/coins/images/7310/large/cypto.png?1547043960,0.11
110,dai,dai,https://assets.coingecko.com/coins/images/9956/large/dai-multi-collateral-mcd.png?1574218774,1.00
111,dash,dash,https://assets.coingecko.com/coins/images/19/large/dash-logo.png?1548385930,179.32
112,decentraland,mana,https://assets.coingecko.com/coins/images/878/large/decentraland-mana.png?1550108745,0.75
113,decred,dcr,https://assets.coingecko.com/coins/images/329/large/decred.png?1547034093,138.51
114,digibyte,dgb,https://assets.coingecko.com/coins/images/63/large/digibyte.png?1547033717,0.06
115,dogecoin,doge,https://assets.coingecko.com/coins/images/5/large/dogecoin.png?1547792256,0.30
116,elrond-erd-2,egld,https://assets.coingecko.com/coins/images/12335/large/Elrond.png?1599132180,91.51
117,enjincoin,enj,https://assets.coingecko.com/coins/images/1102/large/enjin-coin-logo.png?1547035078,1.36
118,eos,eos,https://assets.coingecko.com/coins/images/738/large/eos-eos-logo.png?1547034481,6.08
119,ethereum,eth,https://assets.coingecko.com/coins/images/279/large/ethereum.png?1595348880,2327.95
120,ethereum-classic,etc,https://assets.coingecko.com/coins/images/453/large/ethereum-classic-logo.png?1547034169,64.95
121,fantom,ftm,https://assets.coingecko.com/coins/images/4001/large/Fantom.png?1558015016,0.28
122,fei-protocol,fei,https://assets.coingecko.com/coins/images/14570/large/ZqsF51Re_400x400.png?1617082206,0.99
123,filecoin,fil,https://assets.coingecko.com/coins/images/12817/large/filecoin.png?1602753933,69.00
124,ftx-token,ftt,https://assets.coingecko.com/coins/images/9026/large/F.png?1609051564,30.60
125,harmony,one,https://assets.coingecko.com/coins/images/4344/large/Y88JAze.png?1565065793,0.08
126,havven,snx,https://assets.coingecko.com/coins/images/3406/large/SNX.png?1598631139,11.03
127,hedera-hashgraph,hbar,https://assets.coingecko.com/coins/images/3688/large/mqTDGK7Q.png?1566256777,0.21
128,helium,hnt,https://assets.coingecko.com/coins/images/4284/large/Helium_HNT.png?1612620071,16.49
129,holotoken,hot,https://assets.coingecko.com/coins/images/3348/large/Holologo_Profile.png?1547037966,0.01
130,huobi-btc,hbtc,https://assets.coingecko.com/coins/images/12407/large/Unknown-5.png?1599624896,34585.00
131,huobi-token,ht,https://assets.coingecko.com/coins/images/2822/large/huobi-token-logo.png?1547036992,14.95
132,husd,husd,https://assets.coingecko.com/coins/images/9567/large/HUSD.jpg?1568889385,0.99
133,internet-computer,icp,https://assets.coingecko.com/coins/images/14495/large/Internet_Computer_logo.png?1620703073,112.19
134,iota,miota,https://assets.coingecko.com/coins/images/692/large/IOTA_Swirl.png?1604238557,0.98
135,klay-token,klay,https://assets.coingecko.com/coins/images/9672/large/CjbT82vP_400x400.jpg?1570548320,1.36
136,kusama,ksm,https://assets.coingecko.com/coins/images/9568/large/m4zRhP5e_400x400.jpg?1576190080,299.35
137,leo-token,leo,https://assets.coingecko.com/coins/images/8418/large/leo-token.png?1558326215,2.08
138,liquity-usd,lusd,https://assets.coingecko.com/coins/images/14666/large/Group_3.png?1617631327,1.01
139,litecoin,ltc,https://assets.coingecko.com/coins/images/2/large/litecoin.png?1547033580,165.80
140,maker,mkr,https://assets.coingecko.com/coins/images/1364/large/Mark_Maker.png?1585191826,3117.07
141,matic-network,matic,https://assets.coingecko.com/coins/images/4713/large/matic___polygon.jpg?1612939050,1.69
142,monero,xmr,https://assets.coingecko.com/coins/images/69/large/monero_logo.png?1547033729,247.69
143,nano,nano,https://assets.coingecko.com/coins/images/756/large/nano-coin-logo.png?1547034501,6.73
144,near,near,https://assets.coingecko.com/coins/images/10365/large/near_icon.png?1601359077,2.74
145,nem,xem,https://assets.coingecko.com/coins/images/242/large/NEM_Logo_256x256.png?1598687029,0.18
146,neo,neo,https://assets.coingecko.com/coins/images/480/large/NEO_512_512.png?1594357361,50.93
147,nexo,nexo,https://assets.coingecko.com/coins/images/3695/large/nexo.png?1548086057,1.85
148,okb,okb,https://assets.coingecko.com/coins/images/4463/large/okb_token.png?1548386209,13.22
149,omisego,omg,https://assets.coingecko.com/coins/images/776/large/OMG_Network.jpg?1591167168,5.96
150,ontology,ont,https://assets.coingecko.com/coins/images/3447/large/ONT.png?1583481820,1.04
151,pancakeswap-token,cake,https://assets.coingecko.com/coins/images/12632/large/IMG_0440.PNG?1602654093,14.85
152,paxos-standard,pax,https://assets.coingecko.com/coins/images/6013/large/paxos_standard.png?1548386291,1.00
153,polkadot,dot,https://assets.coingecko.com/coins/images/12171/large/aJGBjJFU_400x400.jpg?1597804776,20.19
154,qtum,qtum,https://assets.coingecko.com/coins/images/684/large/qtum.png?1547034438,11.40
155,ripple,xrp,https://assets.coingecko.com/coins/images/44/large/xrp-symbol-white-128.png?1605778731,0.84
156,safemoon,safemoon,https://assets.coingecko.com/coins/images/14362/large/174x174-white.png?1617174846,0.00
157,shiba-inu,shib,https://assets.coingecko.com/coins/images/11939/large/SHIBLOGO.png?1600752116,0.00
158,siacoin,sc,https://assets.coingecko.com/coins/images/289/large/siacoin.png?1548386465,0.02
159,solana,sol,https://assets.coingecko.com/coins/images/4128/large/coinmarketcap-solana-200.png?1616489452,27.76
160,staked-ether,steth,https://assets.coingecko.com/coins/images/13442/large/steth_logo.png?1608607546,2284.52
161,stellar,xlm,https://assets.coingecko.com/coins/images/100/large/Stellar_symbol_black_RGB.png?1552356157,0.37
162,sushi,sushi,https://assets.coingecko.com/coins/images/12271/large/512x512_Logo_no_chop.png?1606986688,10.22
163,telcoin,tel,https://assets.coingecko.com/coins/images/1899/large/tel.png?1547036203,0.03
164,terra-luna,luna,https://assets.coingecko.com/coins/images/8284/large/luna1557227471663.png?1567147072,5.58
165,terrausd,ust,https://assets.coingecko.com/coins/images/12681/large/UST.png?1601612407,1.00
166,tether,usdt,https://assets.coingecko.com/coins/images/325/large/Tether-logo.png?1598003707,1.00
167,tezos,xtz,https://assets.coingecko.com/coins/images/976/large/Tezos-logo.png?1547034862,3.25
168,the-graph,grt,https://assets.coingecko.com/coins/images/13397/large/Graph_Token.png?1608145566,0.64
169,theta-fuel,tfuel,https://assets.coingecko.com/coins/images/8029/large/1_0YusgngOrriVg4ZYx4wOFQ.png?1553483622,0.31
170,theta-token,theta,https://assets.coingecko.com/coins/images/2538/large/theta-token-logo.png?1548387191,6.42
171,thorchain,rune,https://assets.coingecko.com/coins/images/6595/large/RUNE.png?1614160507,10.36
172,tron,trx,https://assets.coingecko.com/coins/images/1094/large/tron-logo.png?1547035066,0.07
173,true-usd,tusd,https://assets.coingecko.com/coins/images/3449/large/tusd.png?1618395665,1.01
174,uma,uma,https://assets.coingecko.com/coins/images/10951/large/UMA.png?1586307916,12.33
175,uniswap,uni,https://assets.coingecko.com/coins/images/12504/large/uniswap-uni.png?1600306604,23.55
176,usd-coin,usdc,https://assets.coingecko.com/coins/images/6319/large/USD_Coin_icon.png?1547042389,1.00
177,vechain,vet,https://assets.coingecko.com/coins/images/1167/large/VeChain-Logo-768x725.png?1547035194,0.10
178,waves,waves,https://assets.coingecko.com/coins/images/425/large/waves.png?1548386117,13.50
179,wrapped-bitcoin,wbtc,https://assets.coingecko.com/coins/images/7598/large/wrapped_bitcoin_wbtc.png?1548822744,34849.00
180,xsushi,xsushi,https://assets.coingecko.com/coins/images/13725/large/xsushi.png?1612538526,11.51
181,yearn-finance,yfi,https://assets.coingecko.com/coins/images/11849/large/yfi-192x192.png?1598325330,40160.00
182,zcash,zec,https://assets.coingecko.com/coins/images/486/large/circle-zcash-color.png?1547034197,150.48
183,zencash,zen,https://assets.coingecko.com/coins/images/691/large/horizen.png?1555052241,121.51
184,zilliqa,zil,https://assets.coingecko.com/coins/images/2687/large/Zilliqa-logo.png?1547036894,0.10
